"series_code","away","home","winner","home_margin","games","away_url","home_url","year","winner_margin"
"Boston Celtics_New York Knicks_1990","New York Knicks","Boston Celtics","New York Knicks",0.6,5,"/teams/NYK/1990.html","/teams/BOS/1990.html",1990,-0.6
"Detroit Pistons_Indiana Pacers_1990","Indiana Pacers","Detroit Pistons","Detroit Pistons",12.3333333333333,3,"/teams/IND/1990.html","/teams/DET/1990.html",1990,12.3333333333333
"Cleveland Cavaliers_Philadelphia 76ers_1990","Cleveland Cavaliers","Philadelphia 76ers","Philadelphia 76ers",-2.4,5,"/teams/CLE/1990.html","/teams/PHI/1990.html",1990,-2.4
"Dallas Mavericks_Portland Trail Blazers_1990","Dallas Mavericks","Portland Trail Blazers","Portland Trail Blazers",9.33333333333333,3,"/teams/DAL/1990.html","/teams/POR/1990.html",1990,9.33333333333333
"Denver Nuggets_San Antonio Spurs_1990","Denver Nuggets","San Antonio Spurs","San Antonio Spurs",12,3,"/teams/DEN/1990.html","/teams/SAS/1990.html",1990,12
"Chicago Bulls_Milwaukee Bucks_1990","Milwaukee Bucks","Chicago Bulls","Chicago Bulls",9.5,4,"/teams/MIL/1990.html","/teams/CHI/1990.html",1990,9.5
"Houston Rockets_Los Angeles Lakers_1990","Houston Rockets","Los Angeles Lakers","Los Angeles Lakers",7.75,4,"/teams/HOU/1990.html","/teams/LAL/1990.html",1990,7.75
"Phoenix Suns_Utah Jazz_1990","Phoenix Suns","Utah Jazz","Phoenix Suns",-1.4,5,"/teams/PHO/1990.html","/teams/UTA/1990.html",1990,1.4
"Portland Trail Blazers_San Antonio Spurs_1990","San Antonio Spurs","Portland Trail Blazers","Portland Trail Blazers",-2.28571428571429,7,"/teams/SAS/1990.html","/teams/POR/1990.html",1990,-2.28571428571429
"Chicago Bulls_Philadelphia 76ers_1990","Philadelphia 76ers","Chicago Bulls","Chicago Bulls",7.6,5,"/teams/PHI/1990.html","/teams/CHI/1990.html",1990,7.6
"Detroit Pistons_New York Knicks_1990","New York Knicks","Detroit Pistons","Detroit Pistons",11.4,5,"/teams/NYK/1990.html","/teams/DET/1990.html",1990,11.4
"Los Angeles Lakers_Phoenix Suns_1990","Phoenix Suns","Los Angeles Lakers","Phoenix Suns",-1.6,5,"/teams/PHO/1990.html","/teams/LAL/1990.html",1990,1.6
"Chicago Bulls_Detroit Pistons_1990","Chicago Bulls","Detroit Pistons","Detroit Pistons",3,7,"/teams/CHI/1990.html","/teams/DET/1990.html",1990,3
"Phoenix Suns_Portland Trail Blazers_1990","Phoenix Suns","Portland Trail Blazers","Portland Trail Blazers",-5.66666666666667,6,"/teams/PHO/1990.html","/teams/POR/1990.html",1990,-5.66666666666667
"Detroit Pistons_Portland Trail Blazers_1990","Portland Trail Blazers","Detroit Pistons","Detroit Pistons",5,5,"/teams/POR/1990.html","/teams/DET/1990.html",1990,5
"Chicago Bulls_New York Knicks_1991","New York Knicks","Chicago Bulls","Chicago Bulls",20,3,"/teams/NYK/1991.html","/teams/CHI/1991.html",1991,20
"Houston Rockets_Los Angeles Lakers_1991","Houston Rockets","Los Angeles Lakers","Los Angeles Lakers",5.66666666666667,3,"/teams/HOU/1991.html","/teams/LAL/1991.html",1991,5.66666666666667
"Milwaukee Bucks_Philadelphia 76ers_1991","Philadelphia 76ers","Milwaukee Bucks","Philadelphia 76ers",-11.3333333333333,3,"/teams/PHI/1991.html","/teams/MIL/1991.html",1991,11.3333333333333
"Phoenix Suns_Utah Jazz_1991","Utah Jazz","Phoenix Suns","Utah Jazz",-11.5,4,"/teams/UTA/1991.html","/teams/PHO/1991.html",1991,11.5
"Golden State Warriors_San Antonio Spurs_1991","Golden State Warriors","San Antonio Spurs","Golden State Warriors",-5,4,"/teams/GSW/1991.html","/teams/SAS/1991.html",1991,5
"Boston Celtics_Indiana Pacers_1991","Indiana Pacers","Boston Celtics","Boston Celtics",0.4,5,"/teams/IND/1991.html","/teams/BOS/1991.html",1991,0.4
"Atlanta Hawks_Detroit Pistons_1991","Atlanta Hawks","Detroit Pistons","Detroit Pistons",8,5,"/teams/ATL/1991.html","/teams/DET/1991.html",1991,8
"Portland Trail Blazers_Seattle SuperSonics_1991","Seattle SuperSonics","Portland Trail Blazers","Portland Trail Blazers",2.8,5,"/teams/SEA/1991.html","/teams/POR/1991.html",1991,2.8
"Chicago Bulls_Philadelphia 76ers_1991","Philadelphia 76ers","Chicago Bulls","Chicago Bulls",8.8,5,"/teams/PHI/1991.html","/teams/CHI/1991.html",1991,8.8
"Golden State Warriors_Los Angeles Lakers_1991","Golden State Warriors","Los Angeles Lakers","Los Angeles Lakers",6.6,5,"/teams/GSW/1991.html","/teams/LAL/1991.html",1991,6.6
"Boston Celtics_Detroit Pistons_1991","Detroit Pistons","Boston Celtics","Detroit Pistons",1.83333333333333,6,"/teams/DET/1991.html","/teams/BOS/1991.html",1991,-1.83333333333333
"Portland Trail Blazers_Utah Jazz_1991","Utah Jazz","Portland Trail Blazers","Portland Trail Blazers",5.2,5,"/teams/UTA/1991.html","/teams/POR/1991.html",1991,5.2
"Los Angeles Lakers_Portland Trail Blazers_1991","Los Angeles Lakers","Portland Trail Blazers","Los Angeles Lakers",-3.16666666666667,6,"/teams/LAL/1991.html","/teams/POR/1991.html",1991,3.16666666666667
"Chicago Bulls_Detroit Pistons_1991","Detroit Pistons","Chicago Bulls","Chicago Bulls",11.5,4,"/teams/DET/1991.html","/teams/CHI/1991.html",1991,11.5
"Chicago Bulls_Los Angeles Lakers_1991","Los Angeles Lakers","Chicago Bulls","Chicago Bulls",9.8,5,"/teams/LAL/1991.html","/teams/CHI/1991.html",1991,9.8
"Boston Celtics_Indiana Pacers_1992","Indiana Pacers","Boston Celtics","Boston Celtics",7.33333333333333,3,"/teams/IND/1992.html","/teams/BOS/1992.html",1992,7.33333333333333
"Cleveland Cavaliers_New Jersey Nets_1992","New Jersey Nets","Cleveland Cavaliers","Cleveland Cavaliers",8.25,4,"/teams/NJN/1992.html","/teams/CLE/1992.html",1992,8.25
"Golden State Warriors_Seattle SuperSonics_1992","Seattle SuperSonics","Golden State Warriors","Seattle SuperSonics",0.5,4,"/teams/SEA/1992.html","/teams/GSW/1992.html",1992,-0.5
"Los Angeles Lakers_Portland Trail Blazers_1992","Los Angeles Lakers","Portland Trail Blazers","Portland Trail Blazers",14.75,4,"/teams/LAL/1992.html","/teams/POR/1992.html",1992,14.75
"Chicago Bulls_Miami Heat_1992","Miami Heat","Chicago Bulls","Chicago Bulls",18,3,"/teams/MIA/1992.html","/teams/CHI/1992.html",1992,18
"Detroit Pistons_New York Knicks_1992","Detroit Pistons","New York Knicks","New York Knicks",7.8,5,"/teams/DET/1992.html","/teams/NYK/1992.html",1992,7.8
"Phoenix Suns_San Antonio Spurs_1992","San Antonio Spurs","Phoenix Suns","Phoenix Suns",9,3,"/teams/SAS/1992.html","/teams/PHO/1992.html",1992,9
"Los Angeles Clippers_Utah Jazz_1992","Los Angeles Clippers","Utah Jazz","Utah Jazz",4,5,"/teams/LAC/1992.html","/teams/UTA/1992.html",1992,4
"Boston Celtics_Cleveland Cavaliers_1992","Boston Celtics","Cleveland Cavaliers","Cleveland Cavaliers",3,7,"/teams/BOS/1992.html","/teams/CLE/1992.html",1992,3
"Chicago Bulls_New York Knicks_1992","New York Knicks","Chicago Bulls","Chicago Bulls",3.85714285714286,7,"/teams/NYK/1992.html","/teams/CHI/1992.html",1992,3.85714285714286
"Phoenix Suns_Portland Trail Blazers_1992","Phoenix Suns","Portland Trail Blazers","Portland Trail Blazers",3.2,5,"/teams/PHO/1992.html","/teams/POR/1992.html",1992,3.2
"Seattle SuperSonics_Utah Jazz_1992","Seattle SuperSonics","Utah Jazz","Utah Jazz",5,5,"/teams/SEA/1992.html","/teams/UTA/1992.html",1992,5
"Portland Trail Blazers_Utah Jazz_1992","Utah Jazz","Portland Trail Blazers","Portland Trail Blazers",6.5,6,"/teams/UTA/1992.html","/teams/POR/1992.html",1992,6.5
"Chicago Bulls_Cleveland Cavaliers_1992","Cleveland Cavaliers","Chicago Bulls","Chicago Bulls",1.83333333333333,6,"/teams/CLE/1992.html","/teams/CHI/1992.html",1992,1.83333333333333
"Chicago Bulls_Portland Trail Blazers_1992","Portland Trail Blazers","Chicago Bulls","Chicago Bulls",7.33333333333333,6,"/teams/POR/1992.html","/teams/CHI/1992.html",1992,7.33333333333333
"Boston Celtics_Charlotte Hornets_1993","Charlotte Hornets","Boston Celtics","Charlotte Hornets",-5.25,4,"/teams/CHH/1993.html","/teams/BOS/1993.html",1993,5.25
"Cleveland Cavaliers_New Jersey Nets_1993","New Jersey Nets","Cleveland Cavaliers","Cleveland Cavaliers",3.2,5,"/teams/NJN/1993.html","/teams/CLE/1993.html",1993,3.2
"Houston Rockets_Los Angeles Clippers_1993","Los Angeles Clippers","Houston Rockets","Houston Rockets",4.8,5,"/teams/LAC/1993.html","/teams/HOU/1993.html",1993,4.8
"Portland Trail Blazers_San Antonio Spurs_1993","San Antonio Spurs","Portland Trail Blazers","San Antonio Spurs",-0.25,4,"/teams/SAS/1993.html","/teams/POR/1993.html",1993,0.25
"Atlanta Hawks_Chicago Bulls_1993","Atlanta Hawks","Chicago Bulls","Chicago Bulls",16.3333333333333,3,"/teams/ATL/1993.html","/teams/CHI/1993.html",1993,16.3333333333333
"Indiana Pacers_New York Knicks_1993","Indiana Pacers","New York Knicks","New York Knicks",-0.25,4,"/teams/IND/1993.html","/teams/NYK/1993.html",1993,-0.25
"Los Angeles Lakers_Phoenix Suns_1993","Los Angeles Lakers","Phoenix Suns","Phoenix Suns",3.8,5,"/teams/LAL/1993.html","/teams/PHO/1993.html",1993,3.8
"Seattle SuperSonics_Utah Jazz_1993","Utah Jazz","Seattle SuperSonics","Seattle SuperSonics",4.2,5,"/teams/UTA/1993.html","/teams/SEA/1993.html",1993,4.2
"Charlotte Hornets_New York Knicks_1993","Charlotte Hornets","New York Knicks","New York Knicks",4.4,5,"/teams/CHH/1993.html","/teams/NYK/1993.html",1993,4.4
"Houston Rockets_Seattle SuperSonics_1993","Houston Rockets","Seattle SuperSonics","Seattle SuperSonics",0.857142857142857,7,"/teams/HOU/1993.html","/teams/SEA/1993.html",1993,0.857142857142857
"Phoenix Suns_San Antonio Spurs_1993","San Antonio Spurs","Phoenix Suns","Phoenix Suns",0,6,"/teams/SAS/1993.html","/teams/PHO/1993.html",1993,0
"Chicago Bulls_Cleveland Cavaliers_1993","Cleveland Cavaliers","Chicago Bulls","Chicago Bulls",8.5,4,"/teams/CLE/1993.html","/teams/CHI/1993.html",1993,8.5
"Chicago Bulls_New York Knicks_1993","Chicago Bulls","New York Knicks","Chicago Bulls",-4.66666666666667,6,"/teams/CHI/1993.html","/teams/NYK/1993.html",1993,4.66666666666667
"Phoenix Suns_Seattle SuperSonics_1993","Seattle SuperSonics","Phoenix Suns","Phoenix Suns",0.142857142857143,7,"/teams/SEA/1993.html","/teams/PHO/1993.html",1993,0.142857142857143
"Chicago Bulls_Phoenix Suns_1993","Chicago Bulls","Phoenix Suns","Chicago Bulls",0,6,"/teams/CHI/1993.html","/teams/PHO/1993.html",1993,0
"Atlanta Hawks_Miami Heat_1994","Miami Heat","Atlanta Hawks","Atlanta Hawks",6.8,5,"/teams/MIA/1994.html","/teams/ATL/1994.html",1994,6.8
"Indiana Pacers_Orlando Magic_1994","Indiana Pacers","Orlando Magic","Indiana Pacers",-5.33333333333333,3,"/teams/IND/1994.html","/teams/ORL/1994.html",1994,5.33333333333333
"San Antonio Spurs_Utah Jazz_1994","Utah Jazz","San Antonio Spurs","Utah Jazz",-8.25,4,"/teams/UTA/1994.html","/teams/SAS/1994.html",1994,8.25
"Denver Nuggets_Seattle SuperSonics_1994","Denver Nuggets","Seattle SuperSonics","Denver Nuggets",0.8,5,"/teams/DEN/1994.html","/teams/SEA/1994.html",1994,-0.8
"Chicago Bulls_Cleveland Cavaliers_1994","Cleveland Cavaliers","Chicago Bulls","Chicago Bulls",6.66666666666667,3,"/teams/CLE/1994.html","/teams/CHI/1994.html",1994,6.66666666666667
"Houston Rockets_Portland Trail Blazers_1994","Portland Trail Blazers","Houston Rockets","Houston Rockets",5.25,4,"/teams/POR/1994.html","/teams/HOU/1994.html",1994,5.25
"New Jersey Nets_New York Knicks_1994","New Jersey Nets","New York Knicks","New York Knicks",7.25,4,"/teams/NJN/1994.html","/teams/NYK/1994.html",1994,7.25
"Golden State Warriors_Phoenix Suns_1994","Golden State Warriors","Phoenix Suns","Phoenix Suns",6.66666666666667,3,"/teams/GSW/1994.html","/teams/PHO/1994.html",1994,6.66666666666667
"Houston Rockets_Phoenix Suns_1994","Phoenix Suns","Houston Rockets","Houston Rockets",5,7,"/teams/PHO/1994.html","/teams/HOU/1994.html",1994,5
"Chicago Bulls_New York Knicks_1994","Chicago Bulls","New York Knicks","New York Knicks",-1.14285714285714,7,"/teams/CHI/1994.html","/teams/NYK/1994.html",1994,-1.14285714285714
"Atlanta Hawks_Indiana Pacers_1994","Indiana Pacers","Atlanta Hawks","Indiana Pacers",-5.16666666666667,6,"/teams/IND/1994.html","/teams/ATL/1994.html",1994,5.16666666666667
"Denver Nuggets_Utah Jazz_1994","Denver Nuggets","Utah Jazz","Utah Jazz",2.71428571428571,7,"/teams/DEN/1994.html","/teams/UTA/1994.html",1994,2.71428571428571
"Houston Rockets_Utah Jazz_1994","Utah Jazz","Houston Rockets","Houston Rockets",4.2,5,"/teams/UTA/1994.html","/teams/HOU/1994.html",1994,4.2
"Indiana Pacers_New York Knicks_1994","Indiana Pacers","New York Knicks","New York Knicks",0,7,"/teams/IND/1994.html","/teams/NYK/1994.html",1994,0
"Houston Rockets_New York Knicks_1994","New York Knicks","Houston Rockets","Houston Rockets",-0.714285714285714,7,"/teams/NYK/1994.html","/teams/HOU/1994.html",1994,-0.714285714285714
"Atlanta Hawks_Indiana Pacers_1995","Atlanta Hawks","Indiana Pacers","Indiana Pacers",10.6666666666667,3,"/teams/ATL/1995.html","/teams/IND/1995.html",1995,10.6666666666667
"Cleveland Cavaliers_New York Knicks_1995","Cleveland Cavaliers","New York Knicks","New York Knicks",8.25,4,"/teams/CLE/1995.html","/teams/NYK/1995.html",1995,8.25
"Los Angeles Lakers_Seattle SuperSonics_1995","Los Angeles Lakers","Seattle SuperSonics","Los Angeles Lakers",3.75,4,"/teams/LAL/1995.html","/teams/SEA/1995.html",1995,-3.75
"Houston Rockets_Utah Jazz_1995","Houston Rockets","Utah Jazz","Houston Rockets",-4,5,"/teams/HOU/1995.html","/teams/UTA/1995.html",1995,4
"Charlotte Hornets_Chicago Bulls_1995","Chicago Bulls","Charlotte Hornets","Chicago Bulls",-3.75,4,"/teams/CHI/1995.html","/teams/CHH/1995.html",1995,3.75
"Boston Celtics_Orlando Magic_1995","Boston Celtics","Orlando Magic","Orlando Magic",12,4,"/teams/BOS/1995.html","/teams/ORL/1995.html",1995,12
"Phoenix Suns_Portland Trail Blazers_1995","Portland Trail Blazers","Phoenix Suns","Phoenix Suns",14.6666666666667,3,"/teams/POR/1995.html","/teams/PHO/1995.html",1995,14.6666666666667
"Denver Nuggets_San Antonio Spurs_1995","Denver Nuggets","San Antonio Spurs","San Antonio Spurs",15.3333333333333,3,"/teams/DEN/1995.html","/teams/SAS/1995.html",1995,15.3333333333333
"Los Angeles Lakers_San Antonio Spurs_1995","Los Angeles Lakers","San Antonio Spurs","San Antonio Spurs",5.83333333333333,6,"/teams/LAL/1995.html","/teams/SAS/1995.html",1995,5.83333333333333
"Indiana Pacers_New York Knicks_1995","Indiana Pacers","New York Knicks","Indiana Pacers",1.42857142857143,7,"/teams/IND/1995.html","/teams/NYK/1995.html",1995,-1.42857142857143
"Chicago Bulls_Orlando Magic_1995","Chicago Bulls","Orlando Magic","Orlando Magic",0.833333333333333,6,"/teams/CHI/1995.html","/teams/ORL/1995.html",1995,0.833333333333333
"Houston Rockets_Phoenix Suns_1995","Houston Rockets","Phoenix Suns","Houston Rockets",-0.428571428571429,7,"/teams/HOU/1995.html","/teams/PHO/1995.html",1995,0.428571428571429
"Houston Rockets_San Antonio Spurs_1995","Houston Rockets","San Antonio Spurs","Houston Rockets",-1.66666666666667,6,"/teams/HOU/1995.html","/teams/SAS/1995.html",1995,1.66666666666667
"Indiana Pacers_Orlando Magic_1995","Indiana Pacers","Orlando Magic","Orlando Magic",0.285714285714286,7,"/teams/IND/1995.html","/teams/ORL/1995.html",1995,0.285714285714286
"Houston Rockets_Orlando Magic_1995","Houston Rockets","Orlando Magic","Houston Rockets",-7,4,"/teams/HOU/1995.html","/teams/ORL/1995.html",1995,7
"Cleveland Cavaliers_New York Knicks_1996","New York Knicks","Cleveland Cavaliers","New York Knicks",-10.6666666666667,3,"/teams/NYK/1996.html","/teams/CLE/1996.html",1996,10.6666666666667
"Atlanta Hawks_Indiana Pacers_1996","Atlanta Hawks","Indiana Pacers","Atlanta Hawks",-1,5,"/teams/ATL/1996.html","/teams/IND/1996.html",1996,1
"Houston Rockets_Los Angeles Lakers_1996","Houston Rockets","Los Angeles Lakers","Houston Rockets",-2,4,"/teams/HOU/1996.html","/teams/LAL/1996.html",1996,2
"Portland Trail Blazers_Utah Jazz_1996","Portland Trail Blazers","Utah Jazz","Utah Jazz",10,5,"/teams/POR/1996.html","/teams/UTA/1996.html",1996,10
"Chicago Bulls_Miami Heat_1996","Miami Heat","Chicago Bulls","Chicago Bulls",23,3,"/teams/MIA/1996.html","/teams/CHI/1996.html",1996,23
"Detroit Pistons_Orlando Magic_1996","Detroit Pistons","Orlando Magic","Orlando Magic",12.6666666666667,3,"/teams/DET/1996.html","/teams/ORL/1996.html",1996,12.6666666666667
"Phoenix Suns_San Antonio Spurs_1996","Phoenix Suns","San Antonio Spurs","San Antonio Spurs",11,4,"/teams/PHO/1996.html","/teams/SAS/1996.html",1996,11
"Sacramento Kings_Seattle SuperSonics_1996","Sacramento Kings","Seattle SuperSonics","Seattle SuperSonics",6,4,"/teams/SAC/1996.html","/teams/SEA/1996.html",1996,6
"Houston Rockets_Seattle SuperSonics_1996","Houston Rockets","Seattle SuperSonics","Seattle SuperSonics",11.75,4,"/teams/HOU/1996.html","/teams/SEA/1996.html",1996,11.75
"Chicago Bulls_New York Knicks_1996","New York Knicks","Chicago Bulls","Chicago Bulls",6.2,5,"/teams/NYK/1996.html","/teams/CHI/1996.html",1996,6.2
"San Antonio Spurs_Utah Jazz_1996","Utah Jazz","San Antonio Spurs","Utah Jazz",-11.6666666666667,6,"/teams/UTA/1996.html","/teams/SAS/1996.html",1996,11.6666666666667
"Atlanta Hawks_Orlando Magic_1996","Atlanta Hawks","Orlando Magic","Orlando Magic",9.6,5,"/teams/ATL/1996.html","/teams/ORL/1996.html",1996,9.6
"Seattle SuperSonics_Utah Jazz_1996","Utah Jazz","Seattle SuperSonics","Seattle SuperSonics",-2.57142857142857,7,"/teams/UTA/1996.html","/teams/SEA/1996.html",1996,-2.57142857142857
"Chicago Bulls_Orlando Magic_1996","Orlando Magic","Chicago Bulls","Chicago Bulls",16.75,4,"/teams/ORL/1996.html","/teams/CHI/1996.html",1996,16.75
"Chicago Bulls_Seattle SuperSonics_1996","Seattle SuperSonics","Chicago Bulls","Chicago Bulls",3.83333333333333,6,"/teams/SEA/1996.html","/teams/CHI/1996.html",1996,3.83333333333333
"Houston Rockets_Minnesota Timberwolves_1997","Minnesota Timberwolves","Houston Rockets","Houston Rockets",11.3333333333333,3,"/teams/MIN/1997.html","/teams/HOU/1997.html",1997,11.3333333333333
"Miami Heat_Orlando Magic_1997","Orlando Magic","Miami Heat","Miami Heat",7.8,5,"/teams/ORL/1997.html","/teams/MIA/1997.html",1997,7.8
"Charlotte Hornets_New York Knicks_1997","Charlotte Hornets","New York Knicks","New York Knicks",8.66666666666667,3,"/teams/CHH/1997.html","/teams/NYK/1997.html",1997,8.66666666666667
"Los Angeles Clippers_Utah Jazz_1997","Los Angeles Clippers","Utah Jazz","Utah Jazz",12.6666666666667,3,"/teams/LAC/1997.html","/teams/UTA/1997.html",1997,12.6666666666667
"Atlanta Hawks_Detroit Pistons_1997","Detroit Pistons","Atlanta Hawks","Atlanta Hawks",2,5,"/teams/DET/1997.html","/teams/ATL/1997.html",1997,2
"Chicago Bulls_Washington Bullets_1997","Washington Bullets","Chicago Bulls","Chicago Bulls",6,3,"/teams/WSB/1997.html","/teams/CHI/1997.html",1997,6
"Los Angeles Lakers_Portland Trail Blazers_1997","Portland Trail Blazers","Los Angeles Lakers","Los Angeles Lakers",7,4,"/teams/POR/1997.html","/teams/LAL/1997.html",1997,7
"Phoenix Suns_Seattle SuperSonics_1997","Phoenix Suns","Seattle SuperSonics","Seattle SuperSonics",12.6,5,"/teams/PHO/1997.html","/teams/SEA/1997.html",1997,12.6
"Los Angeles Lakers_Utah Jazz_1997","Los Angeles Lakers","Utah Jazz","Utah Jazz",3.6,5,"/teams/LAL/1997.html","/teams/UTA/1997.html",1997,3.6
"Houston Rockets_Seattle SuperSonics_1997","Seattle SuperSonics","Houston Rockets","Houston Rockets",1.28571428571429,7,"/teams/SEA/1997.html","/teams/HOU/1997.html",1997,1.28571428571429
"Atlanta Hawks_Chicago Bulls_1997","Atlanta Hawks","Chicago Bulls","Chicago Bulls",7.8,5,"/teams/ATL/1997.html","/teams/CHI/1997.html",1997,7.8
"Miami Heat_New York Knicks_1997","New York Knicks","Miami Heat","Miami Heat",1.28571428571429,7,"/teams/NYK/1997.html","/teams/MIA/1997.html",1997,1.28571428571429
"Houston Rockets_Utah Jazz_1997","Houston Rockets","Utah Jazz","Utah Jazz",2.33333333333333,6,"/teams/HOU/1997.html","/teams/UTA/1997.html",1997,2.33333333333333
"Chicago Bulls_Miami Heat_1997","Miami Heat","Chicago Bulls","Chicago Bulls",8.8,5,"/teams/MIA/1997.html","/teams/CHI/1997.html",1997,8.8
"Chicago Bulls_Utah Jazz_1997","Utah Jazz","Chicago Bulls","Chicago Bulls",0.666666666666667,6,"/teams/UTA/1997.html","/teams/CHI/1997.html",1997,0.666666666666667
"Atlanta Hawks_Charlotte Hornets_1998","Atlanta Hawks","Charlotte Hornets","Charlotte Hornets",-1.5,4,"/teams/ATL/1998.html","/teams/CHH/1998.html",1998,-1.5
"Cleveland Cavaliers_Indiana Pacers_1998","Cleveland Cavaliers","Indiana Pacers","Indiana Pacers",8,4,"/teams/CLE/1998.html","/teams/IND/1998.html",1998,8
"Phoenix Suns_San Antonio Spurs_1998","San Antonio Spurs","Phoenix Suns","San Antonio Spurs",-7.5,4,"/teams/SAS/1998.html","/teams/PHO/1998.html",1998,7.5
"Houston Rockets_Utah Jazz_1998","Houston Rockets","Utah Jazz","Utah Jazz",6.8,5,"/teams/HOU/1998.html","/teams/UTA/1998.html",1998,6.8
"Chicago Bulls_New Jersey Nets_1998","New Jersey Nets","Chicago Bulls","Chicago Bulls",7.66666666666667,3,"/teams/NJN/1998.html","/teams/CHI/1998.html",1998,7.66666666666667
"Los Angeles Lakers_Portland Trail Blazers_1998","Portland Trail Blazers","Los Angeles Lakers","Los Angeles Lakers",4.25,4,"/teams/POR/1998.html","/teams/LAL/1998.html",1998,4.25
"Miami Heat_New York Knicks_1998","New York Knicks","Miami Heat","New York Knicks",-2.2,5,"/teams/NYK/1998.html","/teams/MIA/1998.html",1998,2.2
"Minnesota Timberwolves_Seattle SuperSonics_1998","Minnesota Timberwolves","Seattle SuperSonics","Seattle SuperSonics",5.8,5,"/teams/MIN/1998.html","/teams/SEA/1998.html",1998,5.8
"Charlotte Hornets_Chicago Bulls_1998","Charlotte Hornets","Chicago Bulls","Chicago Bulls",9.6,5,"/teams/CHH/1998.html","/teams/CHI/1998.html",1998,9.6
"Los Angeles Lakers_Seattle SuperSonics_1998","Los Angeles Lakers","Seattle SuperSonics","Los Angeles Lakers",-10.6,5,"/teams/LAL/1998.html","/teams/SEA/1998.html",1998,10.6
"Indiana Pacers_New York Knicks_1998","New York Knicks","Indiana Pacers","Indiana Pacers",6.6,5,"/teams/NYK/1998.html","/teams/IND/1998.html",1998,6.6
"San Antonio Spurs_Utah Jazz_1998","San Antonio Spurs","Utah Jazz","Utah Jazz",0.2,5,"/teams/SAS/1998.html","/teams/UTA/1998.html",1998,0.2
"Los Angeles Lakers_Utah Jazz_1998","Los Angeles Lakers","Utah Jazz","Utah Jazz",13.5,4,"/teams/LAL/1998.html","/teams/UTA/1998.html",1998,13.5
"Chicago Bulls_Indiana Pacers_1998","Indiana Pacers","Chicago Bulls","Chicago Bulls",4.14285714285714,7,"/teams/IND/1998.html","/teams/CHI/1998.html",1998,4.14285714285714
"Chicago Bulls_Utah Jazz_1998","Chicago Bulls","Utah Jazz","Chicago Bulls",-7.83333333333333,6,"/teams/CHI/1998.html","/teams/UTA/1998.html",1998,7.83333333333333
"Charlotte Hornets_Philadelphia 76ers_2000","Philadelphia 76ers","Charlotte Hornets","Philadelphia 76ers",-2.75,4,"/teams/PHI/2000.html","/teams/CHH/2000.html",2000,2.75
"Detroit Pistons_Miami Heat_2000","Detroit Pistons","Miami Heat","Miami Heat",10.3333333333333,3,"/teams/DET/2000.html","/teams/MIA/2000.html",2000,10.3333333333333
"Phoenix Suns_San Antonio Spurs_2000","Phoenix Suns","San Antonio Spurs","Phoenix Suns",-1.25,4,"/teams/PHO/2000.html","/teams/SAS/2000.html",2000,1.25
"Seattle SuperSonics_Utah Jazz_2000","Seattle SuperSonics","Utah Jazz","Utah Jazz",1.2,5,"/teams/SEA/2000.html","/teams/UTA/2000.html",2000,1.2
"Indiana Pacers_Milwaukee Bucks_2000","Milwaukee Bucks","Indiana Pacers","Indiana Pacers",-1.8,5,"/teams/MIL/2000.html","/teams/IND/2000.html",2000,-1.8
"Los Angeles Lakers_Sacramento Kings_2000","Sacramento Kings","Los Angeles Lakers","Los Angeles Lakers",8,5,"/teams/SAC/2000.html","/teams/LAL/2000.html",2000,8
"New York Knicks_Toronto Raptors_2000","Toronto Raptors","New York Knicks","New York Knicks",4,3,"/teams/TOR/2000.html","/teams/NYK/2000.html",2000,4
"Minnesota Timberwolves_Portland Trail Blazers_2000","Minnesota Timberwolves","Portland Trail Blazers","Portland Trail Blazers",2,4,"/teams/MIN/2000.html","/teams/POR/2000.html",2000,2
"Indiana Pacers_Philadelphia 76ers_2000","Philadelphia 76ers","Indiana Pacers","Indiana Pacers",4,6,"/teams/PHI/2000.html","/teams/IND/2000.html",2000,4
"Portland Trail Blazers_Utah Jazz_2000","Utah Jazz","Portland Trail Blazers","Portland Trail Blazers",11,5,"/teams/UTA/2000.html","/teams/POR/2000.html",2000,11
"Miami Heat_New York Knicks_2000","New York Knicks","Miami Heat","New York Knicks",-0.857142857142857,7,"/teams/NYK/2000.html","/teams/MIA/2000.html",2000,0.857142857142857
"Los Angeles Lakers_Phoenix Suns_2000","Phoenix Suns","Los Angeles Lakers","Los Angeles Lakers",7.6,5,"/teams/PHO/2000.html","/teams/LAL/2000.html",2000,7.6
"Los Angeles Lakers_Portland Trail Blazers_2000","Portland Trail Blazers","Los Angeles Lakers","Los Angeles Lakers",-1.85714285714286,7,"/teams/POR/2000.html","/teams/LAL/2000.html",2000,-1.85714285714286
"Indiana Pacers_New York Knicks_2000","New York Knicks","Indiana Pacers","Indiana Pacers",5.83333333333333,6,"/teams/NYK/2000.html","/teams/IND/2000.html",2000,5.83333333333333
"Indiana Pacers_Los Angeles Lakers_2000","Indiana Pacers","Los Angeles Lakers","Los Angeles Lakers",-1.83333333333333,6,"/teams/IND/2000.html","/teams/LAL/2000.html",2000,-1.83333333333333
"Indiana Pacers_Philadelphia 76ers_2001","Indiana Pacers","Philadelphia 76ers","Philadelphia 76ers",6.25,4,"/teams/IND/2001.html","/teams/PHI/2001.html",2001,6.25
"Dallas Mavericks_Utah Jazz_2001","Dallas Mavericks","Utah Jazz","Dallas Mavericks",-4.2,5,"/teams/DAL/2001.html","/teams/UTA/2001.html",2001,4.2
"Minnesota Timberwolves_San Antonio Spurs_2001","Minnesota Timberwolves","San Antonio Spurs","San Antonio Spurs",6.5,4,"/teams/MIN/2001.html","/teams/SAS/2001.html",2001,6.5
"Charlotte Hornets_Miami Heat_2001","Charlotte Hornets","Miami Heat","Charlotte Hornets",-22.3333333333333,3,"/teams/CHH/2001.html","/teams/MIA/2001.html",2001,22.3333333333333
"New York Knicks_Toronto Raptors_2001","Toronto Raptors","New York Knicks","Toronto Raptors",-3.2,5,"/teams/TOR/2001.html","/teams/NYK/2001.html",2001,3.2
"Phoenix Suns_Sacramento Kings_2001","Phoenix Suns","Sacramento Kings","Sacramento Kings",9.5,4,"/teams/PHO/2001.html","/teams/SAC/2001.html",2001,9.5
"Los Angeles Lakers_Portland Trail Blazers_2001","Portland Trail Blazers","Los Angeles Lakers","Los Angeles Lakers",14.6666666666667,3,"/teams/POR/2001.html","/teams/LAL/2001.html",2001,14.6666666666667
"Milwaukee Bucks_Orlando Magic_2001","Orlando Magic","Milwaukee Bucks","Milwaukee Bucks",5.75,4,"/teams/ORL/2001.html","/teams/MIL/2001.html",2001,5.75
"Dallas Mavericks_San Antonio Spurs_2001","Dallas Mavericks","San Antonio Spurs","San Antonio Spurs",11.6,5,"/teams/DAL/2001.html","/teams/SAS/2001.html",2001,11.6
"Charlotte Hornets_Milwaukee Bucks_2001","Charlotte Hornets","Milwaukee Bucks","Milwaukee Bucks",0.571428571428571,7,"/teams/CHH/2001.html","/teams/MIL/2001.html",2001,0.571428571428571
"Los Angeles Lakers_Sacramento Kings_2001","Sacramento Kings","Los Angeles Lakers","Los Angeles Lakers",9.25,4,"/teams/SAC/2001.html","/teams/LAL/2001.html",2001,9.25
"Philadelphia 76ers_Toronto Raptors_2001","Toronto Raptors","Philadelphia 76ers","Philadelphia 76ers",0.714285714285714,7,"/teams/TOR/2001.html","/teams/PHI/2001.html",2001,0.714285714285714
"Los Angeles Lakers_San Antonio Spurs_2001","Los Angeles Lakers","San Antonio Spurs","Los Angeles Lakers",-22.25,4,"/teams/LAL/2001.html","/teams/SAS/2001.html",2001,22.25
"Milwaukee Bucks_Philadelphia 76ers_2001","Milwaukee Bucks","Philadelphia 76ers","Philadelphia 76ers",0.285714285714286,7,"/teams/MIL/2001.html","/teams/PHI/2001.html",2001,0.285714285714286
"Los Angeles Lakers_Philadelphia 76ers_2001","Philadelphia 76ers","Los Angeles Lakers","Los Angeles Lakers",6.8,5,"/teams/PHI/2001.html","/teams/LAL/2001.html",2001,6.8
"Indiana Pacers_New Jersey Nets_2002","Indiana Pacers","New Jersey Nets","New Jersey Nets",-0.2,5,"/teams/IND/2002.html","/teams/NJN/2002.html",2002,-0.2
"Sacramento Kings_Utah Jazz_2002","Utah Jazz","Sacramento Kings","Sacramento Kings",1,4,"/teams/UTA/2002.html","/teams/SAC/2002.html",2002,1
"San Antonio Spurs_Seattle SuperSonics_2002","Seattle SuperSonics","San Antonio Spurs","San Antonio Spurs",10.2,5,"/teams/SEA/2002.html","/teams/SAS/2002.html",2002,10.2
"Charlotte Hornets_Orlando Magic_2002","Orlando Magic","Charlotte Hornets","Charlotte Hornets",5,4,"/teams/ORL/2002.html","/teams/CHH/2002.html",2002,5
"Boston Celtics_Philadelphia 76ers_2002","Philadelphia 76ers","Boston Celtics","Boston Celtics",8.8,5,"/teams/PHI/2002.html","/teams/BOS/2002.html",2002,8.8
"Dallas Mavericks_Minnesota Timberwolves_2002","Minnesota Timberwolves","Dallas Mavericks","Dallas Mavericks",10.6666666666667,3,"/teams/MIN/2002.html","/teams/DAL/2002.html",2002,10.6666666666667
"Los Angeles Lakers_Portland Trail Blazers_2002","Portland Trail Blazers","Los Angeles Lakers","Los Angeles Lakers",5.33333333333333,3,"/teams/POR/2002.html","/teams/LAL/2002.html",2002,5.33333333333333
"Detroit Pistons_Toronto Raptors_2002","Toronto Raptors","Detroit Pistons","Detroit Pistons",2.8,5,"/teams/TOR/2002.html","/teams/DET/2002.html",2002,2.8
"Dallas Mavericks_Sacramento Kings_2002","Dallas Mavericks","Sacramento Kings","Sacramento Kings",6,5,"/teams/DAL/2002.html","/teams/SAC/2002.html",2002,6
"Charlotte Hornets_New Jersey Nets_2002","Charlotte Hornets","New Jersey Nets","New Jersey Nets",4,5,"/teams/CHH/2002.html","/teams/NJN/2002.html",2002,4
"Boston Celtics_Detroit Pistons_2002","Boston Celtics","Detroit Pistons","Boston Celtics",-3.6,5,"/teams/BOS/2002.html","/teams/DET/2002.html",2002,3.6
"Los Angeles Lakers_San Antonio Spurs_2002","San Antonio Spurs","Los Angeles Lakers","Los Angeles Lakers",4.2,5,"/teams/SAS/2002.html","/teams/LAL/2002.html",2002,4.2
"Los Angeles Lakers_Sacramento Kings_2002","Los Angeles Lakers","Sacramento Kings","Los Angeles Lakers",0.285714285714286,7,"/teams/LAL/2002.html","/teams/SAC/2002.html",2002,-0.285714285714286
"Boston Celtics_New Jersey Nets_2002","Boston Celtics","New Jersey Nets","New Jersey Nets",2.83333333333333,6,"/teams/BOS/2002.html","/teams/NJN/2002.html",2002,2.83333333333333
"Los Angeles Lakers_New Jersey Nets_2002","New Jersey Nets","Los Angeles Lakers","Los Angeles Lakers",9.25,4,"/teams/NJN/2002.html","/teams/LAL/2002.html",2002,9.25
"Milwaukee Bucks_New Jersey Nets_2003","Milwaukee Bucks","New Jersey Nets","New Jersey Nets",4.33333333333333,6,"/teams/MIL/2003.html","/teams/NJN/2003.html",2003,4.33333333333333
"Boston Celtics_Indiana Pacers_2003","Boston Celtics","Indiana Pacers","Boston Celtics",-5.66666666666667,6,"/teams/BOS/2003.html","/teams/IND/2003.html",2003,5.66666666666667
"Phoenix Suns_San Antonio Spurs_2003","Phoenix Suns","San Antonio Spurs","San Antonio Spurs",5.33333333333333,6,"/teams/PHO/2003.html","/teams/SAS/2003.html",2003,5.33333333333333
"Dallas Mavericks_Portland Trail Blazers_2003","Portland Trail Blazers","Dallas Mavericks","Dallas Mavericks",-1,7,"/teams/POR/2003.html","/teams/DAL/2003.html",2003,-1
"Sacramento Kings_Utah Jazz_2003","Utah Jazz","Sacramento Kings","Sacramento Kings",10.6,5,"/teams/UTA/2003.html","/teams/SAC/2003.html",2003,10.6
"Detroit Pistons_Orlando Magic_2003","Orlando Magic","Detroit Pistons","Detroit Pistons",7.28571428571429,7,"/teams/ORL/2003.html","/teams/DET/2003.html",2003,7.28571428571429
"Los Angeles Lakers_Minnesota Timberwolves_2003","Los Angeles Lakers","Minnesota Timberwolves","Los Angeles Lakers",-6.33333333333333,6,"/teams/LAL/2003.html","/teams/MIN/2003.html",2003,6.33333333333333
"New Orleans Hornets_Philadelphia 76ers_2003","New Orleans Hornets","Philadelphia 76ers","Philadelphia 76ers",1.66666666666667,6,"/teams/NOH/2003.html","/teams/PHI/2003.html",2003,1.66666666666667
"Boston Celtics_New Jersey Nets_2003","Boston Celtics","New Jersey Nets","New Jersey Nets",10,4,"/teams/BOS/2003.html","/teams/NJN/2003.html",2003,10
"Los Angeles Lakers_San Antonio Spurs_2003","Los Angeles Lakers","San Antonio Spurs","San Antonio Spurs",5.83333333333333,6,"/teams/LAL/2003.html","/teams/SAS/2003.html",2003,5.83333333333333
"Detroit Pistons_Philadelphia 76ers_2003","Philadelphia 76ers","Detroit Pistons","Detroit Pistons",0,6,"/teams/PHI/2003.html","/teams/DET/2003.html",2003,0
"Dallas Mavericks_Sacramento Kings_2003","Sacramento Kings","Dallas Mavericks","Dallas Mavericks",3.57142857142857,7,"/teams/SAC/2003.html","/teams/DAL/2003.html",2003,3.57142857142857
"Detroit Pistons_New Jersey Nets_2003","New Jersey Nets","Detroit Pistons","New Jersey Nets",-9,4,"/teams/NJN/2003.html","/teams/DET/2003.html",2003,9
"Dallas Mavericks_San Antonio Spurs_2003","Dallas Mavericks","San Antonio Spurs","San Antonio Spurs",5,6,"/teams/DAL/2003.html","/teams/SAS/2003.html",2003,5
"New Jersey Nets_San Antonio Spurs_2003","New Jersey Nets","San Antonio Spurs","San Antonio Spurs",5.83333333333333,6,"/teams/NJN/2003.html","/teams/SAS/2003.html",2003,5.83333333333333
"Boston Celtics_Indiana Pacers_2004","Boston Celtics","Indiana Pacers","Indiana Pacers",16.75,4,"/teams/BOS/2004.html","/teams/IND/2004.html",2004,16.75
"New Jersey Nets_New York Knicks_2004","New York Knicks","New Jersey Nets","New Jersey Nets",12.75,4,"/teams/NYK/2004.html","/teams/NJN/2004.html",2004,12.75
"Memphis Grizzlies_San Antonio Spurs_2004","Memphis Grizzlies","San Antonio Spurs","San Antonio Spurs",14,4,"/teams/MEM/2004.html","/teams/SAS/2004.html",2004,14
"Houston Rockets_Los Angeles Lakers_2004","Houston Rockets","Los Angeles Lakers","Los Angeles Lakers",5.4,5,"/teams/HOU/2004.html","/teams/LAL/2004.html",2004,5.4
"Detroit Pistons_Milwaukee Bucks_2004","Milwaukee Bucks","Detroit Pistons","Detroit Pistons",12.6,5,"/teams/MIL/2004.html","/teams/DET/2004.html",2004,12.6
"Dallas Mavericks_Sacramento Kings_2004","Dallas Mavericks","Sacramento Kings","Sacramento Kings",-1.4,5,"/teams/DAL/2004.html","/teams/SAC/2004.html",2004,-1.4
"Miami Heat_New Orleans Hornets_2004","New Orleans Hornets","Miami Heat","Miami Heat",3,7,"/teams/NOH/2004.html","/teams/MIA/2004.html",2004,3
"Denver Nuggets_Minnesota Timberwolves_2004","Denver Nuggets","Minnesota Timberwolves","Minnesota Timberwolves",4,5,"/teams/DEN/2004.html","/teams/MIN/2004.html",2004,4
"Los Angeles Lakers_San Antonio Spurs_2004","Los Angeles Lakers","San Antonio Spurs","Los Angeles Lakers",-4.16666666666667,6,"/teams/LAL/2004.html","/teams/SAS/2004.html",2004,4.16666666666667
"Detroit Pistons_New Jersey Nets_2004","New Jersey Nets","Detroit Pistons","Detroit Pistons",3.42857142857143,7,"/teams/NJN/2004.html","/teams/DET/2004.html",2004,3.42857142857143
"Minnesota Timberwolves_Sacramento Kings_2004","Sacramento Kings","Minnesota Timberwolves","Minnesota Timberwolves",-1.14285714285714,7,"/teams/SAC/2004.html","/teams/MIN/2004.html",2004,-1.14285714285714
"Indiana Pacers_Miami Heat_2004","Miami Heat","Indiana Pacers","Indiana Pacers",3.16666666666667,6,"/teams/MIA/2004.html","/teams/IND/2004.html",2004,3.16666666666667
"Los Angeles Lakers_Minnesota Timberwolves_2004","Los Angeles Lakers","Minnesota Timberwolves","Los Angeles Lakers",-2.16666666666667,6,"/teams/LAL/2004.html","/teams/MIN/2004.html",2004,2.16666666666667
"Detroit Pistons_Indiana Pacers_2004","Detroit Pistons","Indiana Pacers","Detroit Pistons",-2.5,6,"/teams/DET/2004.html","/teams/IND/2004.html",2004,2.5
"Detroit Pistons_Los Angeles Lakers_2004","Detroit Pistons","Los Angeles Lakers","Detroit Pistons",-9,5,"/teams/DET/2004.html","/teams/LAL/2004.html",2004,9
"Detroit Pistons_Philadelphia 76ers_2005","Philadelphia 76ers","Detroit Pistons","Detroit Pistons",8,5,"/teams/PHI/2005.html","/teams/DET/2005.html",2005,8
"Dallas Mavericks_Houston Rockets_2005","Houston Rockets","Dallas Mavericks","Dallas Mavericks",2.71428571428571,7,"/teams/HOU/2005.html","/teams/DAL/2005.html",2005,2.71428571428571
"Boston Celtics_Indiana Pacers_2005","Indiana Pacers","Boston Celtics","Indiana Pacers",-0.571428571428571,7,"/teams/IND/2005.html","/teams/BOS/2005.html",2005,0.571428571428571
"Sacramento Kings_Seattle SuperSonics_2005","Sacramento Kings","Seattle SuperSonics","Seattle SuperSonics",4.4,5,"/teams/SAC/2005.html","/teams/SEA/2005.html",2005,4.4
"Miami Heat_New Jersey Nets_2005","New Jersey Nets","Miami Heat","Miami Heat",12.75,4,"/teams/NJN/2005.html","/teams/MIA/2005.html",2005,12.75
"Chicago Bulls_Washington Wizards_2005","Washington Wizards","Chicago Bulls","Washington Wizards",-1.83333333333333,6,"/teams/WAS/2005.html","/teams/CHI/2005.html",2005,1.83333333333333
"Denver Nuggets_San Antonio Spurs_2005","Denver Nuggets","San Antonio Spurs","San Antonio Spurs",10.2,5,"/teams/DEN/2005.html","/teams/SAS/2005.html",2005,10.2
"Memphis Grizzlies_Phoenix Suns_2005","Memphis Grizzlies","Phoenix Suns","Phoenix Suns",11,4,"/teams/MEM/2005.html","/teams/PHO/2005.html",2005,11
"Miami Heat_Washington Wizards_2005","Washington Wizards","Miami Heat","Miami Heat",9,4,"/teams/WAS/2005.html","/teams/MIA/2005.html",2005,9
"San Antonio Spurs_Seattle SuperSonics_2005","Seattle SuperSonics","San Antonio Spurs","San Antonio Spurs",6.83333333333333,6,"/teams/SEA/2005.html","/teams/SAS/2005.html",2005,6.83333333333333
"Detroit Pistons_Indiana Pacers_2005","Indiana Pacers","Detroit Pistons","Detroit Pistons",7,6,"/teams/IND/2005.html","/teams/DET/2005.html",2005,7
"Dallas Mavericks_Phoenix Suns_2005","Dallas Mavericks","Phoenix Suns","Phoenix Suns",6.66666666666667,6,"/teams/DAL/2005.html","/teams/PHO/2005.html",2005,6.66666666666667
"Phoenix Suns_San Antonio Spurs_2005","San Antonio Spurs","Phoenix Suns","San Antonio Spurs",-4.2,5,"/teams/SAS/2005.html","/teams/PHO/2005.html",2005,4.2
"Detroit Pistons_Miami Heat_2005","Detroit Pistons","Miami Heat","Detroit Pistons",-3.28571428571429,7,"/teams/DET/2005.html","/teams/MIA/2005.html",2005,3.28571428571429
"Detroit Pistons_San Antonio Spurs_2005","Detroit Pistons","San Antonio Spurs","San Antonio Spurs",-1.85714285714286,7,"/teams/DET/2005.html","/teams/SAS/2005.html",2005,-1.85714285714286
"Cleveland Cavaliers_Washington Wizards_2006","Washington Wizards","Cleveland Cavaliers","Cleveland Cavaliers",-0.166666666666667,6,"/teams/WAS/2006.html","/teams/CLE/2006.html",2006,-0.166666666666667
"Sacramento Kings_San Antonio Spurs_2006","Sacramento Kings","San Antonio Spurs","San Antonio Spurs",9.5,6,"/teams/SAC/2006.html","/teams/SAS/2006.html",2006,9.5
"Chicago Bulls_Miami Heat_2006","Chicago Bulls","Miami Heat","Miami Heat",3,6,"/teams/CHI/2006.html","/teams/MIA/2006.html",2006,3
"Denver Nuggets_Los Angeles Clippers_2006","Denver Nuggets","Los Angeles Clippers","Los Angeles Clippers",7.6,5,"/teams/DEN/2006.html","/teams/LAC/2006.html",2006,7.6
"Indiana Pacers_New Jersey Nets_2006","Indiana Pacers","New Jersey Nets","New Jersey Nets",3.66666666666667,6,"/teams/IND/2006.html","/teams/NJN/2006.html",2006,3.66666666666667
"Los Angeles Lakers_Phoenix Suns_2006","Los Angeles Lakers","Phoenix Suns","Phoenix Suns",6.71428571428571,7,"/teams/LAL/2006.html","/teams/PHO/2006.html",2006,6.71428571428571
"Detroit Pistons_Milwaukee Bucks_2006","Milwaukee Bucks","Detroit Pistons","Detroit Pistons",9.6,5,"/teams/MIL/2006.html","/teams/DET/2006.html",2006,9.6
"Dallas Mavericks_Memphis Grizzlies_2006","Memphis Grizzlies","Dallas Mavericks","Dallas Mavericks",14,4,"/teams/MEM/2006.html","/teams/DAL/2006.html",2006,14
"Dallas Mavericks_San Antonio Spurs_2006","Dallas Mavericks","San Antonio Spurs","Dallas Mavericks",-4,7,"/teams/DAL/2006.html","/teams/SAS/2006.html",2006,4
"Cleveland Cavaliers_Detroit Pistons_2006","Cleveland Cavaliers","Detroit Pistons","Detroit Pistons",5.71428571428571,7,"/teams/CLE/2006.html","/teams/DET/2006.html",2006,5.71428571428571
"Miami Heat_New Jersey Nets_2006","New Jersey Nets","Miami Heat","Miami Heat",6.4,5,"/teams/NJN/2006.html","/teams/MIA/2006.html",2006,6.4
"Los Angeles Clippers_Phoenix Suns_2006","Los Angeles Clippers","Phoenix Suns","Phoenix Suns",-1,7,"/teams/LAC/2006.html","/teams/PHO/2006.html",2006,-1
"Detroit Pistons_Miami Heat_2006","Miami Heat","Detroit Pistons","Miami Heat",-5.16666666666667,6,"/teams/MIA/2006.html","/teams/DET/2006.html",2006,5.16666666666667
"Dallas Mavericks_Phoenix Suns_2006","Phoenix Suns","Dallas Mavericks","Dallas Mavericks",2.66666666666667,6,"/teams/PHO/2006.html","/teams/DAL/2006.html",2006,2.66666666666667
"Dallas Mavericks_Miami Heat_2006","Miami Heat","Dallas Mavericks","Miami Heat",-1,6,"/teams/MIA/2006.html","/teams/DAL/2006.html",2006,1
"New Jersey Nets_Toronto Raptors_2007","New Jersey Nets","Toronto Raptors","New Jersey Nets",-5.33333333333333,6,"/teams/NJN/2007.html","/teams/TOR/2007.html",2007,5.33333333333333
"Chicago Bulls_Miami Heat_2007","Miami Heat","Chicago Bulls","Chicago Bulls",11,4,"/teams/MIA/2007.html","/teams/CHI/2007.html",2007,11
"Detroit Pistons_Orlando Magic_2007","Orlando Magic","Detroit Pistons","Detroit Pistons",9,4,"/teams/ORL/2007.html","/teams/DET/2007.html",2007,9
"Houston Rockets_Utah Jazz_2007","Utah Jazz","Houston Rockets","Utah Jazz",-3.14285714285714,7,"/teams/UTA/2007.html","/teams/HOU/2007.html",2007,3.14285714285714
"Cleveland Cavaliers_Washington Wizards_2007","Washington Wizards","Cleveland Cavaliers","Cleveland Cavaliers",8.75,4,"/teams/WAS/2007.html","/teams/CLE/2007.html",2007,8.75
"Los Angeles Lakers_Phoenix Suns_2007","Los Angeles Lakers","Phoenix Suns","Phoenix Suns",10.4,5,"/teams/LAL/2007.html","/teams/PHO/2007.html",2007,10.4
"Denver Nuggets_San Antonio Spurs_2007","Denver Nuggets","San Antonio Spurs","San Antonio Spurs",6,5,"/teams/DEN/2007.html","/teams/SAS/2007.html",2007,6
"Dallas Mavericks_Golden State Warriors_2007","Golden State Warriors","Dallas Mavericks","Golden State Warriors",-6.66666666666667,6,"/teams/GSW/2007.html","/teams/DAL/2007.html",2007,6.66666666666667
"Chicago Bulls_Detroit Pistons_2007","Chicago Bulls","Detroit Pistons","Detroit Pistons",5.5,6,"/teams/CHI/2007.html","/teams/DET/2007.html",2007,5.5
"Cleveland Cavaliers_New Jersey Nets_2007","New Jersey Nets","Cleveland Cavaliers","Cleveland Cavaliers",1.66666666666667,6,"/teams/NJN/2007.html","/teams/CLE/2007.html",2007,1.66666666666667
"Phoenix Suns_San Antonio Spurs_2007","San Antonio Spurs","Phoenix Suns","San Antonio Spurs",0.5,6,"/teams/SAS/2007.html","/teams/PHO/2007.html",2007,-0.5
"Golden State Warriors_Utah Jazz_2007","Golden State Warriors","Utah Jazz","Utah Jazz",4.2,5,"/teams/GSW/2007.html","/teams/UTA/2007.html",2007,4.2
"San Antonio Spurs_Utah Jazz_2007","Utah Jazz","San Antonio Spurs","San Antonio Spurs",5.6,5,"/teams/UTA/2007.html","/teams/SAS/2007.html",2007,5.6
"Cleveland Cavaliers_Detroit Pistons_2007","Cleveland Cavaliers","Detroit Pistons","Cleveland Cavaliers",-3.66666666666667,6,"/teams/CLE/2007.html","/teams/DET/2007.html",2007,3.66666666666667
"Cleveland Cavaliers_San Antonio Spurs_2007","Cleveland Cavaliers","San Antonio Spurs","San Antonio Spurs",6,4,"/teams/CLE/2007.html","/teams/SAS/2007.html",2007,6
"Cleveland Cavaliers_Washington Wizards_2008","Washington Wizards","Cleveland Cavaliers","Cleveland Cavaliers",3.33333333333333,6,"/teams/WAS/2008.html","/teams/CLE/2008.html",2008,3.33333333333333
"Phoenix Suns_San Antonio Spurs_2008","Phoenix Suns","San Antonio Spurs","San Antonio Spurs",2,5,"/teams/PHO/2008.html","/teams/SAS/2008.html",2008,2
"Dallas Mavericks_New Orleans Hornets_2008","Dallas Mavericks","New Orleans Hornets","New Orleans Hornets",8.8,5,"/teams/DAL/2008.html","/teams/NOH/2008.html",2008,8.8
"Houston Rockets_Utah Jazz_2008","Utah Jazz","Houston Rockets","Utah Jazz",-2.5,6,"/teams/UTA/2008.html","/teams/HOU/2008.html",2008,2.5
"Orlando Magic_Toronto Raptors_2008","Toronto Raptors","Orlando Magic","Orlando Magic",4.6,5,"/teams/TOR/2008.html","/teams/ORL/2008.html",2008,4.6
"Denver Nuggets_Los Angeles Lakers_2008","Denver Nuggets","Los Angeles Lakers","Los Angeles Lakers",13.25,4,"/teams/DEN/2008.html","/teams/LAL/2008.html",2008,13.25
"Detroit Pistons_Philadelphia 76ers_2008","Philadelphia 76ers","Detroit Pistons","Detroit Pistons",7,6,"/teams/PHI/2008.html","/teams/DET/2008.html",2008,7
"Atlanta Hawks_Boston Celtics_2008","Atlanta Hawks","Boston Celtics","Boston Celtics",12,7,"/teams/ATL/2008.html","/teams/BOS/2008.html",2008,12
"Detroit Pistons_Orlando Magic_2008","Orlando Magic","Detroit Pistons","Detroit Pistons",1.4,5,"/teams/ORL/2008.html","/teams/DET/2008.html",2008,1.4
"New Orleans Hornets_San Antonio Spurs_2008","San Antonio Spurs","New Orleans Hornets","San Antonio Spurs",0,7,"/teams/SAS/2008.html","/teams/NOH/2008.html",2008,0
"Los Angeles Lakers_Utah Jazz_2008","Utah Jazz","Los Angeles Lakers","Los Angeles Lakers",3,6,"/teams/UTA/2008.html","/teams/LAL/2008.html",2008,3
"Boston Celtics_Cleveland Cavaliers_2008","Cleveland Cavaliers","Boston Celtics","Boston Celtics",-1.14285714285714,7,"/teams/CLE/2008.html","/teams/BOS/2008.html",2008,-1.14285714285714
"Boston Celtics_Detroit Pistons_2008","Detroit Pistons","Boston Celtics","Boston Celtics",1.66666666666667,6,"/teams/DET/2008.html","/teams/BOS/2008.html",2008,1.66666666666667
"Los Angeles Lakers_San Antonio Spurs_2008","San Antonio Spurs","Los Angeles Lakers","Los Angeles Lakers",5,5,"/teams/SAS/2008.html","/teams/LAL/2008.html",2008,5
"Boston Celtics_Los Angeles Lakers_2008","Los Angeles Lakers","Boston Celtics","Boston Celtics",8.33333333333333,6,"/teams/LAL/2008.html","/teams/BOS/2008.html",2008,8.33333333333333
"Boston Celtics_Chicago Bulls_2009","Chicago Bulls","Boston Celtics","Boston Celtics",4.28571428571429,7,"/teams/CHI/2009.html","/teams/BOS/2009.html",2009,4.28571428571429
"Cleveland Cavaliers_Detroit Pistons_2009","Detroit Pistons","Cleveland Cavaliers","Cleveland Cavaliers",15.5,4,"/teams/DET/2009.html","/teams/CLE/2009.html",2009,15.5
"Dallas Mavericks_San Antonio Spurs_2009","Dallas Mavericks","San Antonio Spurs","Dallas Mavericks",-6,5,"/teams/DAL/2009.html","/teams/SAS/2009.html",2009,6
"Houston Rockets_Portland Trail Blazers_2009","Houston Rockets","Portland Trail Blazers","Houston Rockets",-5.33333333333333,6,"/teams/HOU/2009.html","/teams/POR/2009.html",2009,5.33333333333333
"Los Angeles Lakers_Utah Jazz_2009","Utah Jazz","Los Angeles Lakers","Los Angeles Lakers",9.2,5,"/teams/UTA/2009.html","/teams/LAL/2009.html",2009,9.2
"Orlando Magic_Philadelphia 76ers_2009","Philadelphia 76ers","Orlando Magic","Orlando Magic",7.66666666666667,6,"/teams/PHI/2009.html","/teams/ORL/2009.html",2009,7.66666666666667
"Atlanta Hawks_Miami Heat_2009","Miami Heat","Atlanta Hawks","Atlanta Hawks",-0.857142857142857,7,"/teams/MIA/2009.html","/teams/ATL/2009.html",2009,-0.857142857142857
"Denver Nuggets_New Orleans Hornets_2009","New Orleans Hornets","Denver Nuggets","Denver Nuggets",24.2,5,"/teams/NOH/2009.html","/teams/DEN/2009.html",2009,24.2
"Dallas Mavericks_Denver Nuggets_2009","Dallas Mavericks","Denver Nuggets","Denver Nuggets",7.8,5,"/teams/DAL/2009.html","/teams/DEN/2009.html",2009,7.8
"Boston Celtics_Orlando Magic_2009","Orlando Magic","Boston Celtics","Orlando Magic",-4.28571428571429,7,"/teams/ORL/2009.html","/teams/BOS/2009.html",2009,4.28571428571429
"Houston Rockets_Los Angeles Lakers_2009","Houston Rockets","Los Angeles Lakers","Los Angeles Lakers",7.28571428571429,7,"/teams/HOU/2009.html","/teams/LAL/2009.html",2009,7.28571428571429
"Atlanta Hawks_Cleveland Cavaliers_2009","Atlanta Hawks","Cleveland Cavaliers","Cleveland Cavaliers",18,4,"/teams/ATL/2009.html","/teams/CLE/2009.html",2009,18
"Denver Nuggets_Los Angeles Lakers_2009","Denver Nuggets","Los Angeles Lakers","Los Angeles Lakers",3.66666666666667,6,"/teams/DEN/2009.html","/teams/LAL/2009.html",2009,3.66666666666667
"Cleveland Cavaliers_Orlando Magic_2009","Orlando Magic","Cleveland Cavaliers","Orlando Magic",-2.5,6,"/teams/ORL/2009.html","/teams/CLE/2009.html",2009,2.5
"Los Angeles Lakers_Orlando Magic_2009","Orlando Magic","Los Angeles Lakers","Los Angeles Lakers",9.4,5,"/teams/ORL/2009.html","/teams/LAL/2009.html",2009,9.4
"Chicago Bulls_Cleveland Cavaliers_2010","Chicago Bulls","Cleveland Cavaliers","Cleveland Cavaliers",9.2,5,"/teams/CHI/2010.html","/teams/CLE/2010.html",2010,9.2
"Atlanta Hawks_Milwaukee Bucks_2010","Milwaukee Bucks","Atlanta Hawks","Atlanta Hawks",3.71428571428571,7,"/teams/MIL/2010.html","/teams/ATL/2010.html",2010,3.71428571428571
"Boston Celtics_Miami Heat_2010","Miami Heat","Boston Celtics","Boston Celtics",8.2,5,"/teams/MIA/2010.html","/teams/BOS/2010.html",2010,8.2
"Denver Nuggets_Utah Jazz_2010","Utah Jazz","Denver Nuggets","Utah Jazz",-1.16666666666667,6,"/teams/UTA/2010.html","/teams/DEN/2010.html",2010,1.16666666666667
"Los Angeles Lakers_Oklahoma City Thunder_2010","Oklahoma City Thunder","Los Angeles Lakers","Los Angeles Lakers",1.66666666666667,6,"/teams/OKC/2010.html","/teams/LAL/2010.html",2010,1.66666666666667
"Charlotte Bobcats_Orlando Magic_2010","Charlotte Bobcats","Orlando Magic","Orlando Magic",9.25,4,"/teams/CHA/2010.html","/teams/ORL/2010.html",2010,9.25
"Dallas Mavericks_San Antonio Spurs_2010","San Antonio Spurs","Dallas Mavericks","San Antonio Spurs",-0.5,6,"/teams/SAS/2010.html","/teams/DAL/2010.html",2010,0.5
"Phoenix Suns_Portland Trail Blazers_2010","Portland Trail Blazers","Phoenix Suns","Phoenix Suns",10.3333333333333,6,"/teams/POR/2010.html","/teams/PHO/2010.html",2010,10.3333333333333
"Boston Celtics_Cleveland Cavaliers_2010","Boston Celtics","Cleveland Cavaliers","Boston Celtics",-5.33333333333333,6,"/teams/BOS/2010.html","/teams/CLE/2010.html",2010,5.33333333333333
"Los Angeles Lakers_Utah Jazz_2010","Utah Jazz","Los Angeles Lakers","Los Angeles Lakers",7.25,4,"/teams/UTA/2010.html","/teams/LAL/2010.html",2010,7.25
"Phoenix Suns_San Antonio Spurs_2010","San Antonio Spurs","Phoenix Suns","Phoenix Suns",9.25,4,"/teams/SAS/2010.html","/teams/PHO/2010.html",2010,9.25
"Atlanta Hawks_Orlando Magic_2010","Atlanta Hawks","Orlando Magic","Orlando Magic",25.25,4,"/teams/ATL/2010.html","/teams/ORL/2010.html",2010,25.25
"Boston Celtics_Orlando Magic_2010","Boston Celtics","Orlando Magic","Boston Celtics",-2.83333333333333,6,"/teams/BOS/2010.html","/teams/ORL/2010.html",2010,2.83333333333333
"Los Angeles Lakers_Phoenix Suns_2010","Phoenix Suns","Los Angeles Lakers","Los Angeles Lakers",4.16666666666667,6,"/teams/PHO/2010.html","/teams/LAL/2010.html",2010,4.16666666666667
"Boston Celtics_Los Angeles Lakers_2010","Boston Celtics","Los Angeles Lakers","Los Angeles Lakers",3.42857142857143,7,"/teams/BOS/2010.html","/teams/LAL/2010.html",2010,3.42857142857143
"Chicago Bulls_Indiana Pacers_2011","Indiana Pacers","Chicago Bulls","Chicago Bulls",7.4,5,"/teams/IND/2011.html","/teams/CHI/2011.html",2011,7.4
"Miami Heat_Philadelphia 76ers_2011","Philadelphia 76ers","Miami Heat","Miami Heat",7.4,5,"/teams/PHI/2011.html","/teams/MIA/2011.html",2011,7.4
"Atlanta Hawks_Orlando Magic_2011","Atlanta Hawks","Orlando Magic","Atlanta Hawks",1.83333333333333,6,"/teams/ATL/2011.html","/teams/ORL/2011.html",2011,-1.83333333333333
"Dallas Mavericks_Portland Trail Blazers_2011","Portland Trail Blazers","Dallas Mavericks","Dallas Mavericks",5.16666666666667,6,"/teams/POR/2011.html","/teams/DAL/2011.html",2011,5.16666666666667
"Memphis Grizzlies_San Antonio Spurs_2011","Memphis Grizzlies","San Antonio Spurs","Memphis Grizzlies",-3.16666666666667,6,"/teams/MEM/2011.html","/teams/SAS/2011.html",2011,3.16666666666667
"Los Angeles Lakers_New Orleans Hornets_2011","New Orleans Hornets","Los Angeles Lakers","Los Angeles Lakers",7.16666666666667,6,"/teams/NOH/2011.html","/teams/LAL/2011.html",2011,7.16666666666667
"Boston Celtics_New York Knicks_2011","New York Knicks","Boston Celtics","Boston Celtics",8.5,4,"/teams/NYK/2011.html","/teams/BOS/2011.html",2011,8.5
"Denver Nuggets_Oklahoma City Thunder_2011","Denver Nuggets","Oklahoma City Thunder","Oklahoma City Thunder",4.8,5,"/teams/DEN/2011.html","/teams/OKC/2011.html",2011,4.8
"Memphis Grizzlies_Oklahoma City Thunder_2011","Memphis Grizzlies","Oklahoma City Thunder","Oklahoma City Thunder",4,7,"/teams/MEM/2011.html","/teams/OKC/2011.html",2011,4
"Boston Celtics_Miami Heat_2011","Boston Celtics","Miami Heat","Miami Heat",4.4,5,"/teams/BOS/2011.html","/teams/MIA/2011.html",2011,4.4
"Atlanta Hawks_Chicago Bulls_2011","Atlanta Hawks","Chicago Bulls","Chicago Bulls",7,6,"/teams/ATL/2011.html","/teams/CHI/2011.html",2011,7
"Dallas Mavericks_Los Angeles Lakers_2011","Dallas Mavericks","Los Angeles Lakers","Dallas Mavericks",-14,4,"/teams/DAL/2011.html","/teams/LAL/2011.html",2011,14
"Chicago Bulls_Miami Heat_2011","Miami Heat","Chicago Bulls","Miami Heat",-2.2,5,"/teams/MIA/2011.html","/teams/CHI/2011.html",2011,2.2
"Dallas Mavericks_Oklahoma City Thunder_2011","Oklahoma City Thunder","Dallas Mavericks","Dallas Mavericks",4,5,"/teams/OKC/2011.html","/teams/DAL/2011.html",2011,4
"Dallas Mavericks_Miami Heat_2011","Dallas Mavericks","Miami Heat","Dallas Mavericks",-2.33333333333333,6,"/teams/DAL/2011.html","/teams/MIA/2011.html",2011,2.33333333333333
"Chicago Bulls_Philadelphia 76ers_2012","Philadelphia 76ers","Chicago Bulls","Philadelphia 76ers",-1.66666666666667,6,"/teams/PHI/2012.html","/teams/CHI/2012.html",2012,1.66666666666667
"Miami Heat_New York Knicks_2012","New York Knicks","Miami Heat","Miami Heat",14,5,"/teams/NYK/2012.html","/teams/MIA/2012.html",2012,14
"Indiana Pacers_Orlando Magic_2012","Orlando Magic","Indiana Pacers","Indiana Pacers",10.8,5,"/teams/ORL/2012.html","/teams/IND/2012.html",2012,10.8
"Dallas Mavericks_Oklahoma City Thunder_2012","Dallas Mavericks","Oklahoma City Thunder","Oklahoma City Thunder",6.5,4,"/teams/DAL/2012.html","/teams/OKC/2012.html",2012,6.5
"San Antonio Spurs_Utah Jazz_2012","Utah Jazz","San Antonio Spurs","San Antonio Spurs",16,4,"/teams/UTA/2012.html","/teams/SAS/2012.html",2012,16
"Denver Nuggets_Los Angeles Lakers_2012","Denver Nuggets","Los Angeles Lakers","Los Angeles Lakers",-0.428571428571429,7,"/teams/DEN/2012.html","/teams/LAL/2012.html",2012,-0.428571428571429
"Atlanta Hawks_Boston Celtics_2012","Boston Celtics","Atlanta Hawks","Boston Celtics",-4.66666666666667,6,"/teams/BOS/2012.html","/teams/ATL/2012.html",2012,4.66666666666667
"Los Angeles Clippers_Memphis Grizzlies_2012","Los Angeles Clippers","Memphis Grizzlies","Los Angeles Clippers",0.714285714285714,7,"/teams/LAC/2012.html","/teams/MEM/2012.html",2012,-0.714285714285714
"Boston Celtics_Philadelphia 76ers_2012","Philadelphia 76ers","Boston Celtics","Boston Celtics",3.71428571428571,7,"/teams/PHI/2012.html","/teams/BOS/2012.html",2012,3.71428571428571
"Indiana Pacers_Miami Heat_2012","Indiana Pacers","Miami Heat","Miami Heat",6.5,6,"/teams/IND/2012.html","/teams/MIA/2012.html",2012,6.5
"Los Angeles Lakers_Oklahoma City Thunder_2012","Los Angeles Lakers","Oklahoma City Thunder","Oklahoma City Thunder",9.4,5,"/teams/LAL/2012.html","/teams/OKC/2012.html",2012,9.4
"Los Angeles Clippers_San Antonio Spurs_2012","Los Angeles Clippers","San Antonio Spurs","San Antonio Spurs",11.5,4,"/teams/LAC/2012.html","/teams/SAS/2012.html",2012,11.5
"Oklahoma City Thunder_San Antonio Spurs_2012","Oklahoma City Thunder","San Antonio Spurs","Oklahoma City Thunder",-4.5,6,"/teams/OKC/2012.html","/teams/SAS/2012.html",2012,4.5
"Boston Celtics_Miami Heat_2012","Boston Celtics","Miami Heat","Miami Heat",4.85714285714286,7,"/teams/BOS/2012.html","/teams/MIA/2012.html",2012,4.85714285714286
"Miami Heat_Oklahoma City Thunder_2012","Miami Heat","Oklahoma City Thunder","Miami Heat",-4,5,"/teams/MIA/2012.html","/teams/OKC/2012.html",2012,4
"Boston Celtics_New York Knicks_2013","Boston Celtics","New York Knicks","New York Knicks",5.33333333333333,6,"/teams/BOS/2013.html","/teams/NYK/2013.html",2013,5.33333333333333
"Denver Nuggets_Golden State Warriors_2013","Golden State Warriors","Denver Nuggets","Golden State Warriors",-4.16666666666667,6,"/teams/GSW/2013.html","/teams/DEN/2013.html",2013,4.16666666666667
"Brooklyn Nets_Chicago Bulls_2013","Chicago Bulls","Brooklyn Nets","Chicago Bulls",2,7,"/teams/CHI/2013.html","/teams/BRK/2013.html",2013,-2
"Los Angeles Clippers_Memphis Grizzlies_2013","Memphis Grizzlies","Los Angeles Clippers","Memphis Grizzlies",-5.5,6,"/teams/MEM/2013.html","/teams/LAC/2013.html",2013,5.5
"Atlanta Hawks_Indiana Pacers_2013","Atlanta Hawks","Indiana Pacers","Indiana Pacers",5.16666666666667,6,"/teams/ATL/2013.html","/teams/IND/2013.html",2013,5.16666666666667
"Los Angeles Lakers_San Antonio Spurs_2013","Los Angeles Lakers","San Antonio Spurs","San Antonio Spurs",18.75,4,"/teams/LAL/2013.html","/teams/SAS/2013.html",2013,18.75
"Miami Heat_Milwaukee Bucks_2013","Milwaukee Bucks","Miami Heat","Miami Heat",14.75,4,"/teams/MIL/2013.html","/teams/MIA/2013.html",2013,14.75
"Houston Rockets_Oklahoma City Thunder_2013","Houston Rockets","Oklahoma City Thunder","Oklahoma City Thunder",5.83333333333333,6,"/teams/HOU/2013.html","/teams/OKC/2013.html",2013,5.83333333333333
"Memphis Grizzlies_Oklahoma City Thunder_2013","Memphis Grizzlies","Oklahoma City Thunder","Memphis Grizzlies",-4,5,"/teams/MEM/2013.html","/teams/OKC/2013.html",2013,4
"Indiana Pacers_New York Knicks_2013","Indiana Pacers","New York Knicks","Indiana Pacers",0,6,"/teams/IND/2013.html","/teams/NYK/2013.html",2013,0
"Chicago Bulls_Miami Heat_2013","Chicago Bulls","Miami Heat","Miami Heat",13.2,5,"/teams/CHI/2013.html","/teams/MIA/2013.html",2013,13.2
"Golden State Warriors_San Antonio Spurs_2013","Golden State Warriors","San Antonio Spurs","San Antonio Spurs",3.83333333333333,6,"/teams/GSW/2013.html","/teams/SAS/2013.html",2013,3.83333333333333
"Memphis Grizzlies_San Antonio Spurs_2013","Memphis Grizzlies","San Antonio Spurs","San Antonio Spurs",11,4,"/teams/MEM/2013.html","/teams/SAS/2013.html",2013,11
"Indiana Pacers_Miami Heat_2013","Indiana Pacers","Miami Heat","Miami Heat",4,7,"/teams/IND/2013.html","/teams/MIA/2013.html",2013,4
"Miami Heat_San Antonio Spurs_2013","San Antonio Spurs","Miami Heat","Miami Heat",-0.714285714285714,7,"/teams/SAS/2013.html","/teams/MIA/2013.html",2013,-0.714285714285714
"Brooklyn Nets_Toronto Raptors_2014","Brooklyn Nets","Toronto Raptors","Brooklyn Nets",-1.57142857142857,7,"/teams/BRK/2014.html","/teams/TOR/2014.html",2014,1.57142857142857
"Golden State Warriors_Los Angeles Clippers_2014","Golden State Warriors","Los Angeles Clippers","Los Angeles Clippers",4.42857142857143,7,"/teams/GSW/2014.html","/teams/LAC/2014.html",2014,4.42857142857143
"Atlanta Hawks_Indiana Pacers_2014","Atlanta Hawks","Indiana Pacers","Indiana Pacers",1,7,"/teams/ATL/2014.html","/teams/IND/2014.html",2014,1
"Memphis Grizzlies_Oklahoma City Thunder_2014","Memphis Grizzlies","Oklahoma City Thunder","Oklahoma City Thunder",5.42857142857143,7,"/teams/MEM/2014.html","/teams/OKC/2014.html",2014,5.42857142857143
"Dallas Mavericks_San Antonio Spurs_2014","Dallas Mavericks","San Antonio Spurs","San Antonio Spurs",2,7,"/teams/DAL/2014.html","/teams/SAS/2014.html",2014,2
"Charlotte Bobcats_Miami Heat_2014","Charlotte Bobcats","Miami Heat","Miami Heat",9.75,4,"/teams/CHA/2014.html","/teams/MIA/2014.html",2014,9.75
"Chicago Bulls_Washington Wizards_2014","Washington Wizards","Chicago Bulls","Washington Wizards",-4.6,5,"/teams/WAS/2014.html","/teams/CHI/2014.html",2014,4.6
"Houston Rockets_Portland Trail Blazers_2014","Portland Trail Blazers","Houston Rockets","Portland Trail Blazers",0.333333333333333,6,"/teams/POR/2014.html","/teams/HOU/2014.html",2014,-0.333333333333333
"Indiana Pacers_Washington Wizards_2014","Washington Wizards","Indiana Pacers","Indiana Pacers",2.16666666666667,6,"/teams/WAS/2014.html","/teams/IND/2014.html",2014,2.16666666666667
"Los Angeles Clippers_Oklahoma City Thunder_2014","Los Angeles Clippers","Oklahoma City Thunder","Oklahoma City Thunder",0.833333333333333,6,"/teams/LAC/2014.html","/teams/OKC/2014.html",2014,0.833333333333333
"Brooklyn Nets_Miami Heat_2014","Brooklyn Nets","Miami Heat","Miami Heat",5.4,5,"/teams/BRK/2014.html","/teams/MIA/2014.html",2014,5.4
"Portland Trail Blazers_San Antonio Spurs_2014","Portland Trail Blazers","San Antonio Spurs","San Antonio Spurs",13.4,5,"/teams/POR/2014.html","/teams/SAS/2014.html",2014,13.4
"Indiana Pacers_Miami Heat_2014","Miami Heat","Indiana Pacers","Miami Heat",-6.5,6,"/teams/MIA/2014.html","/teams/IND/2014.html",2014,6.5
"Oklahoma City Thunder_San Antonio Spurs_2014","Oklahoma City Thunder","San Antonio Spurs","San Antonio Spurs",10.5,6,"/teams/OKC/2014.html","/teams/SAS/2014.html",2014,10.5
"Miami Heat_San Antonio Spurs_2014","Miami Heat","San Antonio Spurs","San Antonio Spurs",14,5,"/teams/MIA/2014.html","/teams/SAS/2014.html",2014,14
"Toronto Raptors_Washington Wizards_2015","Washington Wizards","Toronto Raptors","Washington Wizards",-14,4,"/teams/WAS/2015.html","/teams/TOR/2015.html",2015,14
"Golden State Warriors_New Orleans Pelicans_2015","New Orleans Pelicans","Golden State Warriors","Golden State Warriors",8,4,"/teams/NOP/2015.html","/teams/GSW/2015.html",2015,8
"Chicago Bulls_Milwaukee Bucks_2015","Milwaukee Bucks","Chicago Bulls","Chicago Bulls",12.3333333333333,6,"/teams/MIL/2015.html","/teams/CHI/2015.html",2015,12.3333333333333
"Dallas Mavericks_Houston Rockets_2015","Dallas Mavericks","Houston Rockets","Houston Rockets",4.2,5,"/teams/DAL/2015.html","/teams/HOU/2015.html",2015,4.2
"Boston Celtics_Cleveland Cavaliers_2015","Boston Celtics","Cleveland Cavaliers","Cleveland Cavaliers",9.25,4,"/teams/BOS/2015.html","/teams/CLE/2015.html",2015,9.25
"Atlanta Hawks_Brooklyn Nets_2015","Brooklyn Nets","Atlanta Hawks","Atlanta Hawks",5.5,6,"/teams/BRK/2015.html","/teams/ATL/2015.html",2015,5.5
"Memphis Grizzlies_Portland Trail Blazers_2015","Portland Trail Blazers","Memphis Grizzlies","Memphis Grizzlies",6.8,5,"/teams/POR/2015.html","/teams/MEM/2015.html",2015,6.8
"Los Angeles Clippers_San Antonio Spurs_2015","San Antonio Spurs","Los Angeles Clippers","Los Angeles Clippers",-0.428571428571429,7,"/teams/SAS/2015.html","/teams/LAC/2015.html",2015,-0.428571428571429
"Atlanta Hawks_Washington Wizards_2015","Washington Wizards","Atlanta Hawks","Atlanta Hawks",2.83333333333333,6,"/teams/WAS/2015.html","/teams/ATL/2015.html",2015,2.83333333333333
"Golden State Warriors_Memphis Grizzlies_2015","Memphis Grizzlies","Golden State Warriors","Golden State Warriors",8,6,"/teams/MEM/2015.html","/teams/GSW/2015.html",2015,8
"Chicago Bulls_Cleveland Cavaliers_2015","Chicago Bulls","Cleveland Cavaliers","Cleveland Cavaliers",5.5,6,"/teams/CHI/2015.html","/teams/CLE/2015.html",2015,5.5
"Houston Rockets_Los Angeles Clippers_2015","Los Angeles Clippers","Houston Rockets","Houston Rockets",-3.14285714285714,7,"/teams/LAC/2015.html","/teams/HOU/2015.html",2015,-3.14285714285714
"Golden State Warriors_Houston Rockets_2015","Houston Rockets","Golden State Warriors","Golden State Warriors",8.2,5,"/teams/HOU/2015.html","/teams/GSW/2015.html",2015,8.2
"Atlanta Hawks_Cleveland Cavaliers_2015","Cleveland Cavaliers","Atlanta Hawks","Cleveland Cavaliers",-13.25,4,"/teams/CLE/2015.html","/teams/ATL/2015.html",2015,13.25
"Cleveland Cavaliers_Golden State Warriors_2015","Cleveland Cavaliers","Golden State Warriors","Golden State Warriors",7.16666666666667,6,"/teams/CLE/2015.html","/teams/GSW/2015.html",2015,7.16666666666667
"Indiana Pacers_Toronto Raptors_2016","Indiana Pacers","Toronto Raptors","Toronto Raptors",-1.42857142857143,7,"/teams/IND/2016.html","/teams/TOR/2016.html",2016,-1.42857142857143
"Golden State Warriors_Houston Rockets_2016","Houston Rockets","Golden State Warriors","Golden State Warriors",18.8,5,"/teams/HOU/2016.html","/teams/GSW/2016.html",2016,18.8
"Atlanta Hawks_Boston Celtics_2016","Boston Celtics","Atlanta Hawks","Atlanta Hawks",6.66666666666667,6,"/teams/BOS/2016.html","/teams/ATL/2016.html",2016,6.66666666666667
"Dallas Mavericks_Oklahoma City Thunder_2016","Dallas Mavericks","Oklahoma City Thunder","Oklahoma City Thunder",18.2,5,"/teams/DAL/2016.html","/teams/OKC/2016.html",2016,18.2
"Cleveland Cavaliers_Detroit Pistons_2016","Detroit Pistons","Cleveland Cavaliers","Cleveland Cavaliers",8.5,4,"/teams/DET/2016.html","/teams/CLE/2016.html",2016,8.5
"Charlotte Hornets_Miami Heat_2016","Charlotte Hornets","Miami Heat","Miami Heat",8.85714285714286,7,"/teams/CHO/2016.html","/teams/MIA/2016.html",2016,8.85714285714286
"Memphis Grizzlies_San Antonio Spurs_2016","Memphis Grizzlies","San Antonio Spurs","San Antonio Spurs",22,4,"/teams/MEM/2016.html","/teams/SAS/2016.html",2016,22
"Los Angeles Clippers_Portland Trail Blazers_2016","Portland Trail Blazers","Los Angeles Clippers","Portland Trail Blazers",1,6,"/teams/POR/2016.html","/teams/LAC/2016.html",2016,-1
"Oklahoma City Thunder_San Antonio Spurs_2016","Oklahoma City Thunder","San Antonio Spurs","Oklahoma City Thunder",0.5,6,"/teams/OKC/2016.html","/teams/SAS/2016.html",2016,-0.5
"Golden State Warriors_Portland Trail Blazers_2016","Portland Trail Blazers","Golden State Warriors","Golden State Warriors",4.4,5,"/teams/POR/2016.html","/teams/GSW/2016.html",2016,4.4
"Atlanta Hawks_Cleveland Cavaliers_2016","Atlanta Hawks","Cleveland Cavaliers","Cleveland Cavaliers",12.5,4,"/teams/ATL/2016.html","/teams/CLE/2016.html",2016,12.5
"Miami Heat_Toronto Raptors_2016","Miami Heat","Toronto Raptors","Toronto Raptors",2.57142857142857,7,"/teams/MIA/2016.html","/teams/TOR/2016.html",2016,2.57142857142857
"Golden State Warriors_Oklahoma City Thunder_2016","Oklahoma City Thunder","Golden State Warriors","Golden State Warriors",-1,7,"/teams/OKC/2016.html","/teams/GSW/2016.html",2016,-1
"Cleveland Cavaliers_Toronto Raptors_2016","Toronto Raptors","Cleveland Cavaliers","Cleveland Cavaliers",15.5,6,"/teams/TOR/2016.html","/teams/CLE/2016.html",2016,15.5
"Cleveland Cavaliers_Golden State Warriors_2016","Cleveland Cavaliers","Golden State Warriors","Cleveland Cavaliers",-0.571428571428571,7,"/teams/CLE/2016.html","/teams/GSW/2016.html",2016,0.571428571428571
"Cleveland Cavaliers_Indiana Pacers_2017","Indiana Pacers","Cleveland Cavaliers","Cleveland Cavaliers",4,4,"/teams/IND/2017.html","/teams/CLE/2017.html",2017,4
"Milwaukee Bucks_Toronto Raptors_2017","Milwaukee Bucks","Toronto Raptors","Toronto Raptors",0.666666666666667,6,"/teams/MIL/2017.html","/teams/TOR/2017.html",2017,0.666666666666667
"Memphis Grizzlies_San Antonio Spurs_2017","Memphis Grizzlies","San Antonio Spurs","San Antonio Spurs",8.33333333333333,6,"/teams/MEM/2017.html","/teams/SAS/2017.html",2017,8.33333333333333
"Los Angeles Clippers_Utah Jazz_2017","Utah Jazz","Los Angeles Clippers","Utah Jazz",-1.14285714285714,7,"/teams/UTA/2017.html","/teams/LAC/2017.html",2017,1.14285714285714
"Atlanta Hawks_Washington Wizards_2017","Atlanta Hawks","Washington Wizards","Washington Wizards",1.16666666666667,6,"/teams/ATL/2017.html","/teams/WAS/2017.html",2017,1.16666666666667
"Golden State Warriors_Portland Trail Blazers_2017","Portland Trail Blazers","Golden State Warriors","Golden State Warriors",18,4,"/teams/POR/2017.html","/teams/GSW/2017.html",2017,18
"Boston Celtics_Chicago Bulls_2017","Chicago Bulls","Boston Celtics","Boston Celtics",6.83333333333333,6,"/teams/CHI/2017.html","/teams/BOS/2017.html",2017,6.83333333333333
"Houston Rockets_Oklahoma City Thunder_2017","Oklahoma City Thunder","Houston Rockets","Houston Rockets",8.6,5,"/teams/OKC/2017.html","/teams/HOU/2017.html",2017,8.6
"Boston Celtics_Washington Wizards_2017","Washington Wizards","Boston Celtics","Boston Celtics",1,7,"/teams/WAS/2017.html","/teams/BOS/2017.html",2017,1
"Cleveland Cavaliers_Toronto Raptors_2017","Toronto Raptors","Cleveland Cavaliers","Cleveland Cavaliers",15.25,4,"/teams/TOR/2017.html","/teams/CLE/2017.html",2017,15.25
"Houston Rockets_San Antonio Spurs_2017","Houston Rockets","San Antonio Spurs","San Antonio Spurs",5,6,"/teams/HOU/2017.html","/teams/SAS/2017.html",2017,5
"Golden State Warriors_Utah Jazz_2017","Utah Jazz","Golden State Warriors","Golden State Warriors",15,4,"/teams/UTA/2017.html","/teams/GSW/2017.html",2017,15
"Golden State Warriors_San Antonio Spurs_2017","San Antonio Spurs","Golden State Warriors","Golden State Warriors",16,4,"/teams/SAS/2017.html","/teams/GSW/2017.html",2017,16
"Boston Celtics_Cleveland Cavaliers_2017","Cleveland Cavaliers","Boston Celtics","Cleveland Cavaliers",-20,5,"/teams/CLE/2017.html","/teams/BOS/2017.html",2017,20
"Cleveland Cavaliers_Golden State Warriors_2017","Cleveland Cavaliers","Golden State Warriors","Golden State Warriors",6.8,5,"/teams/CLE/2017.html","/teams/GSW/2017.html",2017,6.8
"Golden State Warriors_San Antonio Spurs_2018","San Antonio Spurs","Golden State Warriors","Golden State Warriors",8.8,5,"/teams/SAS/2018.html","/teams/GSW/2018.html",2018,8.8
"Toronto Raptors_Washington Wizards_2018","Washington Wizards","Toronto Raptors","Toronto Raptors",2,6,"/teams/WAS/2018.html","/teams/TOR/2018.html",2018,2
"Miami Heat_Philadelphia 76ers_2018","Miami Heat","Philadelphia 76ers","Philadelphia 76ers",10.8,5,"/teams/MIA/2018.html","/teams/PHI/2018.html",2018,10.8
"New Orleans Pelicans_Portland Trail Blazers_2018","New Orleans Pelicans","Portland Trail Blazers","New Orleans Pelicans",-9,4,"/teams/NOP/2018.html","/teams/POR/2018.html",2018,9
"Boston Celtics_Milwaukee Bucks_2018","Milwaukee Bucks","Boston Celtics","Boston Celtics",0.571428571428571,7,"/teams/MIL/2018.html","/teams/BOS/2018.html",2018,0.571428571428571
"Cleveland Cavaliers_Indiana Pacers_2018","Indiana Pacers","Cleveland Cavaliers","Cleveland Cavaliers",-5.71428571428571,7,"/teams/IND/2018.html","/teams/CLE/2018.html",2018,-5.71428571428571
"Oklahoma City Thunder_Utah Jazz_2018","Utah Jazz","Oklahoma City Thunder","Utah Jazz",-4.33333333333333,6,"/teams/UTA/2018.html","/teams/OKC/2018.html",2018,4.33333333333333
"Houston Rockets_Minnesota Timberwolves_2018","Minnesota Timberwolves","Houston Rockets","Houston Rockets",8.8,5,"/teams/MIN/2018.html","/teams/HOU/2018.html",2018,8.8
"Golden State Warriors_New Orleans Pelicans_2018","New Orleans Pelicans","Golden State Warriors","Golden State Warriors",8.6,5,"/teams/NOP/2018.html","/teams/GSW/2018.html",2018,8.6
"Houston Rockets_Utah Jazz_2018","Utah Jazz","Houston Rockets","Houston Rockets",10,5,"/teams/UTA/2018.html","/teams/HOU/2018.html",2018,10
"Boston Celtics_Philadelphia 76ers_2018","Philadelphia 76ers","Boston Celtics","Boston Celtics",3,5,"/teams/PHI/2018.html","/teams/BOS/2018.html",2018,3
"Cleveland Cavaliers_Toronto Raptors_2018","Cleveland Cavaliers","Toronto Raptors","Cleveland Cavaliers",-14,4,"/teams/CLE/2018.html","/teams/TOR/2018.html",2018,14
"Boston Celtics_Cleveland Cavaliers_2018","Cleveland Cavaliers","Boston Celtics","Cleveland Cavaliers",-0.857142857142857,7,"/teams/CLE/2018.html","/teams/BOS/2018.html",2018,0.857142857142857
"Golden State Warriors_Houston Rockets_2018","Golden State Warriors","Houston Rockets","Golden State Warriors",-9,7,"/teams/GSW/2018.html","/teams/HOU/2018.html",2018,9
"Cleveland Cavaliers_Golden State Warriors_2018","Cleveland Cavaliers","Golden State Warriors","Golden State Warriors",15,4,"/teams/CLE/2018.html","/teams/GSW/2018.html",2018,15
"Brooklyn Nets_Philadelphia 76ers_2019","Brooklyn Nets","Philadelphia 76ers","Philadelphia 76ers",11,5,"/teams/BRK/2019.html","/teams/PHI/2019.html",2019,11
"Orlando Magic_Toronto Raptors_2019","Orlando Magic","Toronto Raptors","Toronto Raptors",14.4,5,"/teams/ORL/2019.html","/teams/TOR/2019.html",2019,14.4
"Golden State Warriors_Los Angeles Clippers_2019","Los Angeles Clippers","Golden State Warriors","Golden State Warriors",9.83333333333333,6,"/teams/LAC/2019.html","/teams/GSW/2019.html",2019,9.83333333333333
"Denver Nuggets_San Antonio Spurs_2019","San Antonio Spurs","Denver Nuggets","Denver Nuggets",1.85714285714286,7,"/teams/SAS/2019.html","/teams/DEN/2019.html",2019,1.85714285714286
"Boston Celtics_Indiana Pacers_2019","Indiana Pacers","Boston Celtics","Boston Celtics",7.5,4,"/teams/IND/2019.html","/teams/BOS/2019.html",2019,7.5
"Oklahoma City Thunder_Portland Trail Blazers_2019","Oklahoma City Thunder","Portland Trail Blazers","Portland Trail Blazers",5.8,5,"/teams/OKC/2019.html","/teams/POR/2019.html",2019,5.8
"Detroit Pistons_Milwaukee Bucks_2019","Detroit Pistons","Milwaukee Bucks","Milwaukee Bucks",23.75,4,"/teams/DET/2019.html","/teams/MIL/2019.html",2019,23.75
"Houston Rockets_Utah Jazz_2019","Utah Jazz","Houston Rockets","Houston Rockets",9.2,5,"/teams/UTA/2019.html","/teams/HOU/2019.html",2019,9.2
"Philadelphia 76ers_Toronto Raptors_2019","Philadelphia 76ers","Toronto Raptors","Toronto Raptors",2.71428571428571,7,"/teams/PHI/2019.html","/teams/TOR/2019.html",2019,2.71428571428571
"Boston Celtics_Milwaukee Bucks_2019","Boston Celtics","Milwaukee Bucks","Milwaukee Bucks",8.6,5,"/teams/BOS/2019.html","/teams/MIL/2019.html",2019,8.6
"Golden State Warriors_Houston Rockets_2019","Houston Rockets","Golden State Warriors","Golden State Warriors",1.83333333333333,6,"/teams/HOU/2019.html","/teams/GSW/2019.html",2019,1.83333333333333
"Denver Nuggets_Portland Trail Blazers_2019","Portland Trail Blazers","Denver Nuggets","Portland Trail Blazers",1.85714285714286,7,"/teams/POR/2019.html","/teams/DEN/2019.html",2019,-1.85714285714286
"Golden State Warriors_Portland Trail Blazers_2019","Portland Trail Blazers","Golden State Warriors","Golden State Warriors",9.5,4,"/teams/POR/2019.html","/teams/GSW/2019.html",2019,9.5
"Milwaukee Bucks_Toronto Raptors_2019","Toronto Raptors","Milwaukee Bucks","Toronto Raptors",-1,6,"/teams/TOR/2019.html","/teams/MIL/2019.html",2019,1
"Golden State Warriors_Toronto Raptors_2019","Golden State Warriors","Toronto Raptors","Toronto Raptors",5.66666666666667,6,"/teams/GSW/2019.html","/teams/TOR/2019.html",2019,5.66666666666667
"Atlanta Hawks_Detroit Pistons_1999","Detroit Pistons","Atlanta Hawks","Atlanta Hawks",3,5,"/teams/DET/1999.html","/teams/ATL/1999.html",1999,3
"Miami Heat_New York Knicks_1999","New York Knicks","Miami Heat","New York Knicks",-4,5,"/teams/NYK/1999.html","/teams/MIA/1999.html",1999,4
"Phoenix Suns_Portland Trail Blazers_1999","Phoenix Suns","Portland Trail Blazers","Portland Trail Blazers",10.3333333333333,3,"/teams/PHO/1999.html","/teams/POR/1999.html",1999,10.3333333333333
"Sacramento Kings_Utah Jazz_1999","Sacramento Kings","Utah Jazz","Utah Jazz",4.8,5,"/teams/SAC/1999.html","/teams/UTA/1999.html",1999,4.8
"Minnesota Timberwolves_San Antonio Spurs_1999","Minnesota Timberwolves","San Antonio Spurs","San Antonio Spurs",6.25,4,"/teams/MIN/1999.html","/teams/SAS/1999.html",1999,6.25
"Houston Rockets_Los Angeles Lakers_1999","Houston Rockets","Los Angeles Lakers","Los Angeles Lakers",2.25,4,"/teams/HOU/1999.html","/teams/LAL/1999.html",1999,2.25
"Indiana Pacers_Milwaukee Bucks_1999","Milwaukee Bucks","Indiana Pacers","Indiana Pacers",10.3333333333333,3,"/teams/MIL/1999.html","/teams/IND/1999.html",1999,10.3333333333333
"Orlando Magic_Philadelphia 76ers_1999","Philadelphia 76ers","Orlando Magic","Philadelphia 76ers",-6.25,4,"/teams/PHI/1999.html","/teams/ORL/1999.html",1999,6.25
"Indiana Pacers_Philadelphia 76ers_1999","Philadelphia 76ers","Indiana Pacers","Indiana Pacers",5.25,4,"/teams/PHI/1999.html","/teams/IND/1999.html",1999,5.25
"Los Angeles Lakers_San Antonio Spurs_1999","Los Angeles Lakers","San Antonio Spurs","San Antonio Spurs",8,4,"/teams/LAL/1999.html","/teams/SAS/1999.html",1999,8
"Atlanta Hawks_New York Knicks_1999","New York Knicks","Atlanta Hawks","New York Knicks",-10,4,"/teams/NYK/1999.html","/teams/ATL/1999.html",1999,10
"Portland Trail Blazers_Utah Jazz_1999","Portland Trail Blazers","Utah Jazz","Portland Trail Blazers",-0.666666666666667,6,"/teams/POR/1999.html","/teams/UTA/1999.html",1999,0.666666666666667
"Portland Trail Blazers_San Antonio Spurs_1999","Portland Trail Blazers","San Antonio Spurs","San Antonio Spurs",10.25,4,"/teams/POR/1999.html","/teams/SAS/1999.html",1999,10.25
"Indiana Pacers_New York Knicks_1999","New York Knicks","Indiana Pacers","New York Knicks",-0.833333333333333,6,"/teams/NYK/1999.html","/teams/IND/1999.html",1999,0.833333333333333
"New York Knicks_San Antonio Spurs_1999","New York Knicks","San Antonio Spurs","San Antonio Spurs",5,5,"/teams/NYK/1999.html","/teams/SAS/1999.html",1999,5
